"matrix","gene","biochemical","gene_vmhid","met_vmhid","effect_invivo","effect_insilico"
"urine","ALPL","3-phosphoglycerate","249.1","3pg","+","="
"urine","ALPL","choline phosphate","249.1","cholp","+","="
"urine","ALPL","glycerol 3-phosphate","249.1","glyc3p","+","="
"plasma","ALPL","glycerol 3-phosphate","249.1","glyc3p","+","-"
"urine","ALPL","phosphoethanolamine","249.1","ethamp","+","="
"urine","ECHDC2","3-methylglutaconate","55268.1","3mglutac","-","="
"plasma","ECHDC2","3-methylglutaconate","55268.1","3mglutac","-","+"
"urine","CTH","cystathionine","1491.1","cyst_L","+","+"
"plasma","CTH","cystathionine","1491.1","cyst_L","+","+"
"plasma","ACADM","decanoylcarnitine (C10)","34.1","c10crn","+","+"
"urine","ACADM","hexanoylcarnitine (C6)","34.1","c6crn","+","+"
"plasma","ACADM","hexanoylcarnitine (C6)","34.1","c6crn","+","+"
"urine","ACADM","hexanoylglycine","34.1","hexgly","+","="
"plasma","ACADM","octanoylcarnitine (C8)","34.1","c8crn","+","+"
"urine","DPYD","thymine","1806.1","thym","+","+"
"plasma","DPYD","uracil","1806.1","ura","+","+"
"urine","KYNU","3-hydroxykynurenine","8942.1","hLkynr","+","+"
"urine","KYNU","xanthurenate","8942.1","C02470","+","+"
"plasma","KYNU","xanthurenate","8942.1","C02470","+","+"
"urine","ACY1","N-acetylasparagine","95.1","CE1556","+","+"
"urine","ACY1","N-acetylglutamate","95.1","acglu","+","+"
"plasma","ACY1","N-acetylglutamate","95.1","acglu","+","+"
"urine","ACY1","N-acetylglycine","95.1","acgly","+","+"
"plasma","ACY1","N-acetylglycine","95.1","acgly","+","+"
"urine","ACY1","N-acetylisoleucine","95.1","acile_L","+","="
"urine","ACY1","N-acetylleucine","95.1","acleu_L","+","+"
"urine","ACY1","N-acetylmethionine","95.1","C02712","+","+"
"plasma","ACY1","N-acetylmethionine","95.1","C02712","+","+"
"urine","ACY1","N-acetylthreonine","95.1","acthr_L","+","+"
"plasma","ACY1","N-acetylthreonine","95.1","acthr_L","+","+"
"plasma","NIT2","alpha-ketoglutaramate*","56954.1","HC00591","+","+"
"urine","MCCC1","3-methylcrotonylglycine","56922.1","CE2026","+","+"
"plasma","MCCC1","3-methylcrotonylglycine","56922.1","CE2026","+","+"
"urine","DMGDH","dimethylglycine","29958.1","dmgly","+","="
"plasma","DMGDH","dimethylglycine","29958.1","dmgly","+","+"
"plasma","SLC22A5","carnitine","6584.1","crn","-","-"
"urine","ASL","argininosuccinate","435.1","argsuc","+","+"
"plasma","SLC13A1","sulfate*","6561.1","so4","-","="
"plasma","OPLAH","5-oxoproline","26873.1","5oxpro","+","+"
"plasma","SARDH","sarcosine","1757.1","sarcs","+","+"
"plasma","SLC6A12","betaine","6539.1","glyb","+","-"
"plasma","HAL","histidine","3034.1","his_L","+","+"
"urine","HAL","trans-urocanate","3034.1","urcan","-","-"
"plasma","HAL","trans-urocanate","3034.1","urcan","-","-"
"plasma","PAH","phenylalanine","5053.1","phe_L","+","+"
"plasma","PAH","phenyllactate (PLA)","5053.1","phlac","+","+"
"plasma","PAH","phenylpyruvate","5053.1","phpyr","+","+"
"urine","ACADS","ethylmalonate","35.1","ethmalac","+","+"
"plasma","ACADS","ethylmalonate","35.1","ethmalac","+","+"
"urine","ALDH6A1","3-hydroxyisobutyrate","4329.1","3hmp","+","+"
"urine","AFMID","N-formylanthranilic acid","125061.1","nformanth","+","="
"plasma","AFMID","N-formylanthranilic acid","125061.1","nformanth","+","+"
"urine","SLC7A9","cystine","11136.1","Lcystin","+","-"
"urine","SLC7A9","lysine","11136.1","lys_L","+","="
"urine","SLC7A9","ornithine","11136.1","orn","+","-"
"urine","FTCD","formiminoglutamate","10841.1","forglu","+","+"
"plasma","FTCD","formiminoglutamate","10841.1","forglu","+","+"
"urine","UPB1","3-ureidoisobutyrate","51733.1","3uib","+","+"
"urine","UPB1","3-ureidopropionate","51733.1","cala","+","+"
"plasma","UPB1","3-ureidopropionate","51733.1","cala","+","+"
